date,USDT_BTC,USDT_ETH,USDT_LTC,USDT_XMR,USDT_XRP
2016-11-04,0.026003222872511556,0.02523274041458179,0.015119955365589854,-0.02276535980110339,0.016766958189423864
2016-11-05,0.0004091698226347251,-0.0027919749380673764,-2.295918366534977e-08,0.04005018442622954,-0.00859180186326769
2016-11-06,0.004723869560683269,-0.01531531708952194,0.0002551224548370534,-0.010924145782766792,-0.017051157125456684
2016-11-07,-0.009722853284238941,-0.005397987191216758,-0.008721963806992972,0.12069466135458184,0.023558830782117735
2016-11-08,0.010907910094648532,0.002667647870481016,-0.011269207784045165,0.11804413710960993,-0.007279546447816032
2016-11-09,0.014511018877221504,-0.02292660458715612,0.0018214936247722413,0.0010188585031500885,-0.015198780487804986
2016-11-10,-0.009117562914449762,-0.012309741681007735,-0.010389607792207767,-0.026132631519254157,0.009046025135690305
2016-11-11,0.0025198196918407856,-0.022720793736893063,-0.0036740052397008505,0.1348045354231937,-0.015600570417332427
2016-11-12,-0.019011275197896693,-0.03681669455252912,-0.0065828889634029775,0.07948330782270618,0.010919676361687003
2016-11-13,-0.007003624335472858,0.020035260469661198,0.028635965676059305,-0.06794612008303114,-0.009940941361888056
2016-11-14,0.010348341113782356,-0.007911427672975924,0.0011112348543438344,0.11246808893480575,0.006265351980748068
2016-11-15,0.004170495511415684,0.01796413890781756,0.002495170048828932,-0.06402675160818583,0.008678505380896206
2016-11-16,0.04663741130508248,-0.01819766078431362,0.01592599280760343,-0.08093075807463579,-0.047834682629968706
2016-11-17,-0.005281696265534874,-0.00779682515585145,-0.014686298764979178,-0.0004602446531380977,0.006392658753173741
2016-11-18,0.017173766058147466,-0.038798731495263805,0.015807760967713858,0.006446141196497335,-0.0010898379970545324
2016-11-19,-0.001701673982983265,0.01061053657681188,0.00441652760428024,-0.020771523738872477,-0.014192325887597335
2016-11-20,-0.025195760932040123,-0.010610104448828372,-0.029157296350999284,0.00041598333774528484,-0.005109704537089921
2016-11-21,0.009020500191133651,0.010659984625302599,0.014498501734649505,0.024236768165446065,-0.03267973856209139
2016-11-22,0.012957958281117898,0.020567379805359387,-0.0037884791360258685,0.13008335308077523,-0.004121621621621663
2016-11-23,-0.011837740457897317,-0.009478993450799833,-0.005434225366553802,0.025098913228125186,-0.04409797136847815
2016-11-24,-0.002176968971952742,-0.06184899552549783,0.010048523195876236,-0.0186138372526633,-0.036130211852617444
2016-11-25,0.0033858436184859286,0.023684021251435317,-0.005486301187627718,-0.01129708845822186,-0.005888070692194436
2016-11-26,-0.009058834502296165,-0.015893553895410806,-0.01276783305774376,-0.010487869923762938,0.032713977143771444
2016-11-27,-0.005141234942058648,-0.029289755229687242,0.0012912279166099605,0.0702071526466801,-0.018042301932048366
2016-11-28,0.0021667308105308702,-0.030995966559826726,0.00367448399098369,-0.024844480745341624,-0.01228183203385802
2016-11-29,-0.00015045639393085342,-0.0649733508527428,-0.00952972057359347,-0.02315855736356487,-0.0060641916876200685
2016-11-30,0.009983588621444106,0.04849526140567195,0.0031331958224543044,0.17367712341722186,0.011096726190476192
2016-12-01,0.022342586323629066,-0.010971810665660553,0.018280353316176612,-0.04988882343678558,-0.02805181196161055
2016-12-02,0.02745103507284763,-0.08338727814103764,0.0032629547247395863,-0.029353695474213626,-0.006900394762544337
2016-12-03,-0.014780735175912718,0.02279509173580596,-0.0035665489519780547,-0.01481886760543294,-0.005855086606489368
2016-12-04,0.009863481126722418,-0.0579968277290962,-0.0007671797494247512,-0.04397738657209238,-0.014855828220858847
2016-12-05,-0.023915583152616993,-0.08444165589302444,-0.10801568002223616,0.0037909895507659552,-0.018575027167397895
2016-12-06,0.006464841053645642,0.15668297721607005,0.0006097982310222516,-0.03436738375310777,0.06284592065458616
2016-12-07,0.010391797348820342,0.059202987962004405,0.04451288978063972,0.04124817056769148,0.07462686567164178
2016-12-08,0.0031728061637457117,-0.011613928354506808,0.009580293667516226,-0.01784284544608028,-0.028302777777777788
2016-12-09,0.0009107848465867985,0.017688715917214992,-0.004935989159462473,0.02085755849047466,-0.009392214653055508
2016-12-10,0.007488094550323732,-0.036993554804311435,-0.0026872938649250555,-0.020572644804012552,-0.027205790050082945
2016-12-11,-0.009006673928672715,0.013086251316594799,0.00031471927973347746,0.014454465777279824,0.003616159099134375
2016-12-12,0.014453124947916729,0.03492770071921325,-0.004716220125795756,0.02288801861805556,-0.00980441420324718
2016-12-13,-0.0032088306380801956,-0.004746004585324259,-3.025506780507392e-05,0.011259296771426452,-0.001640298507462834
2016-12-14,0.000515065657989755,-0.026243279474006065,-0.008306369482704135,0.03212592633903388,0.014816841356194876
2016-12-15,5.507168597151946e-06,-0.05326883867887866,0.01016109163169343,0.011723478693806522,-0.005615693299470204
2016-12-16,0.00684130201491584,0.007316706729511457,-0.0014902929061613168,0.0008988775040033037,-0.008309629629629667
2016-12-17,0.015095735453329873,0.008951406649616356,0.020180484181568037,-0.021742678635771173,-0.030462016967661598
2016-12-18,-0.00608069959569757,-0.005459198986058289,-0.010405052636720091,0.031398601690422856,0.0015423728813559467
2016-12-19,0.004913050442242106,-0.032742361770332296,-0.004842379213465864,0.009625889807923338,-0.007693834317177961
2016-12-20,0.011115139789189099,0.013701940711462468,0.0038530914567360686,-0.026512917657447455,0.01853333333333329
2016-12-21,0.03365981258666295,0.021152956591787175,-0.012464612358118576,-0.01839158272913921,-0.0016272067755124242
2016-12-22,0.038371994825028066,-0.03904268143860268,0.020118822873538944,0.06989225971988877,-0.016595897146603367
2016-12-23,0.06750187797476204,-0.05153792715231775,0.24742330730762996,0.08005856448728688,-0.05069922480620159
2016-12-24,-0.027528344189442278,0.010645844911999713,-0.04257850010853059,0.00537840937353562,0.0513866591322214
2016-12-25,0.0030715667847163175,-0.009551083505516367,-0.031011445357408296,0.009365244536940764,-0.019825619055459875
2016-12-26,0.006298347468624899,0.012834821428571397,-0.0064103397095354175,0.05564246907216508,-0.009508716323296196
2016-12-27,0.03540667439024392,-0.010703516528925539,0.030693287869107744,0.2416850862975961,-0.0182384000000001
2016-12-28,0.0498568839860527,0.05815796721516686,0.03954106694082715,0.12178365220472753,0.026709539260855175
2016-12-29,-0.005863335043345241,0.09429739999999986,-0.0017468407774933192,-0.07843182197911858,0.027590914141494283
2016-12-30,-0.0162154177324898,-0.019506817077812877,-0.03180633373424713,-0.013258608236993541,-0.00899946244199612
2016-12-31,0.007538157516589816,-0.017894950818179045,-0.010836394176939934,0.0624518118735542,0.010922053913515084
2017-01-01,0.034352991118620224,0.01912124536363402,0.03126436781609199,0.015030162554426907,-0.021561846140562113
2017-01-02,0.019647844397953307,0.027867880842357806,0.026721268390548447,0.1453397835781387,-0.0046362176532418475
2017-01-03,0.017762511507851242,0.15066174201559868,-0.003445951460205876,-0.0012484394506866447,0.014981943457135216
2017-01-04,0.09536206730305663,0.14990158499948203,0.0028507843137255406,0.1375000043750001,0.031588388525792155
2017-01-05,-0.12077464788732395,-0.09099098468468458,-0.07849275261063504,-0.12093406931508877,-0.047391587698328075
2017-01-06,-0.10292350820985174,-0.0009910862171085277,-0.09365799933229857,-0.125632858303644,0.0025873056941358996
2017-01-07,0.012489374051339208,-0.017261911689224307,0.027367316946286913,-0.08406999702673523,0.009942545386611545
2017-01-08,0.009710773043224874,0.03579649325134171,0.016847122575582185,0.058890075348736914,-0.019378939629320135
2017-01-09,-0.015283842794759805,0.014895895951503979,0.0895299659959834,0.006817689331122034,-0.012644933154503213
2017-01-10,0.005654101995565375,0.01311520392054688,0.05100057894614851,-0.020767096688659947,0.1040854093909529
2017-01-11,-0.13811972107816117,-0.07319457395702733,-0.1498456316590564,-0.12297693169504575,-0.054146796417196
2017-01-12,0.027990986654238714,-0.013291532758717528,0.02367932391972083,0.005852559081940267,-0.02073488372093024
2017-01-13,0.02775270861983592,-0.0009534083454366682,-0.022526205858713122,-0.05169491525423742,0.05582100800157064
2017-01-14,-0.010318364430992766,0.0028298690580652597,0.011099849059229339,-0.0077145576407506855,0.01856994619753971
2017-01-15,0.0014975514584580907,0.00301897788791905,-0.00852153248049603,-0.03858256970996643,-0.009227580277592962
2017-01-16,0.012579381275104717,-0.01040698332542389,-0.017111040372825292,-0.006792880966405845,0.007380386329866262
2017-01-17,0.08890229270097816,0.07144965222014088,0.018212953225068107,0.16405982489065596,-0.011751309429514967
2017-01-18,-0.018278498192019765,-0.004671554837442304,-0.011728179359084878,-0.020913273269205446,-0.002156716417910487
2017-01-19,0.015834348933395193,0.015335325395464228,0.00489733976239104,0.007934481756227685,0.00048761881969316967
2017-01-20,-0.005812277316288084,0.019825830059168714,-0.004377110704171128,-0.021403940886699502,-0.01327739911882686
2017-01-21,0.034308379865921834,0.03204217565530376,0.01059787425921166,0.014321226917688223,0.01651212121212109
2017-01-22,-0.0017139355584108174,-0.02079501040803433,-0.019920385868868573,0.002481472496399517,0.006203625588390382
2017-01-23,-0.012874688655809763,0.00633791080821422,-0.00613825182101968,0.005522817656765877,-0.013191420021923972
2017-01-24,-0.02984104786375108,-0.019665564692284532,-0.02253580181047643,-0.0451236155816368,-0.02483956436565049
2017-01-25,0.008664149773228047,-0.008809876608513512,-0.015203445902602808,0.013397670365878023,-0.010241561064519011
2017-01-26,0.02400657749395685,0.012291694525164987,0.048822772101281275,0.010899319714595901,-0.015046154085433638
2017-01-27,0.0032051063403197855,-0.01312772724891409,0.007662220298188416,0.013834725461837172,0.004394573656875789
2017-01-28,0.0016995706381737197,0.007731644160930751,-0.009426031725562667,0.06519149870986274,-0.0078089626201136575
2017-01-29,-0.0039040480095824392,-0.009486812144212431,0.004503394805194905,-0.01903069477942132,0.006434826975884933
2017-01-30,0.0032789078205262,0.007661966574932899,0.052164071603908235,0.007407287181534494,-0.0016956410845805348
2017-01-31,0.05350954665577334,0.013918766159695783,0.0020876370508624564,0.01580945039358639,-0.013670177784857018
2017-02-01,0.016418032107062608,-0.0006023967493319349,-0.013491585569570086,0.02212897469146924,0.04850554753418934
2017-02-02,0.025429295096643045,0.005628603189493431,0.011916450486749497,-0.009924298258894737,-0.01878157648734502
2017-02-03,0.0069902561122816564,0.024253643463543417,-0.014063621578552565,-0.02897032773555841,-0.006583436037629453
2017-02-04,0.017641462508292127,0.027496774159833093,-0.0030460788237987035,-0.011023622834645641,0.0021057670796327255
2017-02-05,-0.022217919550801102,-0.013465318236317692,-0.015251135426676332,0.000796179140761355,-0.009833844097898115
2017-02-06,0.01108910911881189,0.014080539982030515,-0.002538081192506758,0.008124240254574255,0.0016681277237151626
2017-02-07,0.030160595195521056,0.010816937855533393,0.00508906361323147,-0.0076590915316099295,0.0021060849800567105
2017-02-08,-0.0009600760836228073,-0.0095351027904228,0.005287784783353011,0.005247568204173714,-0.0010052777079668784
2017-02-09,-0.06088545084216668,-0.030706834147196216,-0.054619230555395526,-0.045979274636819834,-0.006938679245283019
2017-02-10,0.008400307396064788,0.028667128463904845,0.015652032540362404,1.4369194742958058e-05,-0.00476893919602539
2017-02-11,0.005233541023478949,0.0011705131573456207,-0.00334606102377788,0.015754552108171227,0.00467088255180359
2017-02-12,-0.003998001218471159,0.0035100606980240645,-0.01571892894736837,-0.0001218048979590991,-0.013192169257542519
2017-02-13,-0.001394882087291549,-0.002509879459892672,0.01060486020190532,0.0005837584515773209,0.0020523765204274458
2017-02-14,0.017073494618513818,0.1619067213909815,0.01675920141750442,0.06399834396162984,0.010474666871644
2017-02-15,0.0027031846021492445,-0.011690509459624687,0.011895625398788301,0.058113387804724415,-0.02500475435816163
2017-02-16,0.024302807497377232,-0.006083210916083881,-0.004661378258321802,-0.04386016306826113,-0.04099658334714951
2017-02-17,0.013632956123289741,-0.009895863483741607,0.006937623037687191,0.01950902452560932,0.016949152542372836
2017-02-18,0.003905883878181138,0.004016392340220998,-0.019231428688170515,0.0011152334572490652,-0.07721999999999996
2017-02-19,0.00036529052994072053,0.0006502857050720845,-0.004739236456191787,-0.02667016880309825,0.06923282544774123
2017-02-20,0.03452901179533052,-0.030371747655637438,-0.0032319261351164696,-0.06317523024217775,-0.0028665540540540047
2017-02-21,0.02949613547811447,0.028962188254223697,0.019419480195513428,0.019444227139246317,-0.0005149897594963759
2017-02-22,-0.0008873114463177068,-0.00625519624706794,0.004872462632170338,0.02626873582487499,-0.011862731970732177
2017-02-23,0.05506216696269983,0.0385526524522819,0.003645756725386029,0.01340686235203914,0.010771869639794263
2017-02-24,9.300494107744584e-05,-0.008633703722471964,0.01897879969222882,-0.07036342897191816,-0.03252613358674983
2017-02-25,-0.029551535963495912,0.037283162712810736,-0.021737336039259425,-0.014885996821993541,-0.00019820632050138176
2017-02-26,0.02254986990459673,0.07485500145341528,-0.004280292843687361,0.006580206112431375,-0.009191228070175472
2017-02-27,0.01119592875318065,0.06254009419954709,-0.008429457364341086,8.33333335670261e-09,-0.017228526757336216
2017-02-28,-0.006039253472571837,0.019193078302184752,-0.01495239978964813,0.022317654166666534,-0.003659255068635847
2017-03-01,0.041350209204123356,0.10759493670886067,0.02089947360026323,0.005310189037501578,-0.028638336347197257
2017-03-02,0.01979740680713138,0.08411506114285716,0.0435345918631771,0.0613839094742592,0.13167139211002987
2017-03-03,0.023457800600748424,0.023613014419744616,0.017630988372562717,0.07593148126588578,0.06926888328847891
2017-03-04,-0.015489731891645597,-0.044747690525231754,-0.024934446192945048,-0.029391234089717444,-0.038307692307692376
2017-03-05,0.0063114354819684415,0.04307046285701954,0.0035490549868852916,0.1200183255303584,-0.026067829147336297
2017-03-06,-0.0013217959065663365,0.0056932051679585705,0.019950127182044808,0.009101474160682077,-0.005757180049441146
2017-03-07,-0.033787753574470836,-0.03140253623110356,-0.028993339782412364,-0.11326860841423947,0.10819428382620178
2017-03-08,-0.0692461378993875,-0.12515555154833047,-0.030559684958814226,-0.08759124087591241,-0.04178505940756416
2017-03-09,0.0409378695547693,0.0754661550968232,0.012709430970567315,0.04200000159999995,0.004564682673653175
2017-03-10,-0.06699120410979831,0.09385419056208999,-0.03210995256312865,0.010576235684335966,-0.03979587885921376
2017-03-11,0.05571428527403399,0.09851657527998503,0.012245579989252908,0.11450834676258204,0.004820975517702442
2017-03-12,0.04203368525425022,0.09056780802882791,0.021447759218449658,0.14807810992861792,0.004560280454840138
2017-03-13,0.010290754655341239,0.22203098020654055,0.11713934376836121,0.0841745190717893,0.025601242511932076
2017-03-14,0.005030832538399421,0.010056338035250967,-0.0341823743977977,-0.033406310076910084,-0.0013429908187414519
2017-03-15,0.009480888484284522,0.21838134898233363,0.02411547586508611,0.07988574348341415,-0.025151757674468644
2017-03-16,-0.07092373751140213,0.28755364806866934,-0.004992467677029766,0.16474388568680953,0.015542507445584386
2017-03-17,-0.08233276157804459,-0.01237111088888887,-0.04359716073753572,-0.017587107657657586,-0.06403142871100365
2017-03-18,-0.09719626141121496,-0.23543031250257518,-0.032407801826023985,-0.09093120839288815,0.12804867782593043
2017-03-19,0.05082815703443044,0.2735859296645087,-0.01763224428808008,0.15250397046442532,0.018100000000000005
2017-03-20,0.021456014244901844,-0.029495254653384984,0.043609064102564155,-0.024175459839855584,0.02999734653517594
2017-03-21,0.07821541314839453,0.011570531672176365,-0.01549653620049063,-0.045566910202767374,-0.02490787643985315
2017-03-22,-0.07180808049227105,-0.026501984391559374,-0.01775984820257004,-0.0012949488619995453,0.04653409994905777
2017-03-23,-0.002601908181580348,0.04569632495164422,0.01624191734382996,0.023807283334901674,0.5808061436407987
2017-03-24,-0.08936231834938857,0.24104092485549145,0.044811309156158385,-0.02133282996323549,-0.06473593797010546
2017-03-25,0.031236624786811662,-0.046483820779200546,-0.028952250727554474,-0.05615186157089336,-0.16259535215439747
2017-03-26,-0.009160364382906683,-0.019148104145984446,0.009140032942514864,-0.035820841690054284,0.07922592332233824
2017-03-27,0.08016489274640626,-0.028273145008656075,-0.007639246925302601,-0.004643917942278808,-0.019739245712377063
2017-03-28,0.0020153403508578194,0.029095773637440203,0.029175039679031123,0.005026708933393298,0.014821953401201293
2017-03-29,-0.002251130411024649,0.051454186254979994,0.030861821984214277,0.07638013129764509,0.07151109287627788
2017-03-30,0.000576047682692149,-0.024296850242605972,0.823051317716337,-0.04877120894993181,0.3563103915295416
2017-03-31,0.039173454933600915,-0.03593242940688035,-0.08124859414758279,0.019231954650261063,0.536758616457099
2017-04-01,0.01342004172126976,0.01611278952668682,0.04563721530993359,0.03797227260812863,0.043035552947444655
2017-04-02,0.009816446108148691,-0.04192269514370661,0.10580781755937974,-0.06355357428571429,1.846396396396396
2017-04-03,0.040282316064066404,-0.0862636927156738,0.02917405878155055,0.027940795010339192,-0.4935790473176135
2017-04-04,-0.006342909235054095,0.009332534863539133,0.06359447954849595,0.013053305145561245,0.18700380053711263
2017-04-05,-0.003416516809048309,0.01502054192552671,0.3566740831079025,-0.027946227773535948,-0.05731209688034744
2017-04-06,0.047298245677928064,-0.042041717719549565,-0.12258064374609778,-0.024636576715753034,-0.07189845844504017
2017-04-07,0.0030739077659887037,-0.023904249475983463,-0.07628687591911776,0.018642015579460214,0.11974497990880284
2017-04-08,-0.006597384522414207,0.05847596492461027,0.07482589259097816,0.06431731186609735,-0.0247233493671567
2017-04-09,0.02257105447464247,-0.017482585413273855,-0.13627097548348965,0.00015669881324464896,-0.036259639263471644
2017-04-10,0.0024318327646379867,0.0031202301919843745,0.06216530017381072,0.061591375659023395,-0.016552305800955014
2017-04-11,0.013530134497855784,0.003897440536348773,-0.01683170557991731,-0.023919485011185793,-0.026107003158609365
2017-04-12,-0.007281552246932721,0.05869560812431396,0.21838840114130886,0.015337811707121007,0.046349823074732566
2017-04-13,-0.03341483323985117,0.07821359582178644,-0.05652445154572294,-0.017441617607223514,-0.004357719253901382
2017-04-14,0.018132528717769603,-0.04308111646093915,0.07141964196428563,-0.025440020757309556,-0.001849284197502743
2017-04-15,-0.010729213252448688,0.022011465909090866,-0.015824288548924703,-0.006120495520980818,-0.011224485402083095
2017-04-16,0.015026920181539172,0.0009025518980936287,0.02116762709528275,-0.008958563046793877,-0.009782130294468505
2017-04-17,0.021855670094845348,-0.0019591997576247078,-0.033996683250414605,0.0156669921906043,0.017464487282855767
2017-04-18,0.023444794447323947,0.06225082404944016,-0.008583733905579427,0.033791085201064996,0.0002694278361312641
2017-04-19,-0.004067748154615858,-0.04932462021553563,-0.07532463529543876,-0.033536348717356,-0.10550976996196182
2017-04-20,0.034650682355823914,0.03876533086172351,0.0836625711610488,-0.008018872603684501,0.022447335765753307
2017-04-21,0.01633949394730183,-0.006598323042559584,0.1150543793334593,0.03561103185924863,0.11220461775915846
2017-04-22,0.013554216867469826,0.01374242553896221,0.20105229653474388,0.0009679093067143096,-0.015247601472252459
2017-04-23,0.004601462667161993,0.01615804520453712,0.07384766101775853,0.002958851338395574,-0.0005976282384231313
2017-04-24,-0.0035457632330201383,0.008021914678635111,-0.028199080330277737,-0.03674831477491736,-0.02856633093525185
2017-04-25,0.017738612922799657,0.005255984031621974,0.029917053005283245,0.012490205593276738,0.037910296196498994
2017-04-26,0.01992877144301075,0.06711048104581852,-0.023943362638833454,-0.005074337118775363,0.022328921910422572
2017-04-27,0.029137612174905625,0.18531574706956788,-0.01599630811808128,0.08880856395654213,0.06255798183163819
2017-04-28,-0.018119604014981472,0.11566482690756752,-0.03311895880639437,0.032696525959871714,0.25695871277607574
2017-04-29,0.008022610351772874,-0.030982214634146188,0.09389140271493202,0.02912185418786528,0.1914690813773383
2017-04-30,0.007336190747585292,0.13741498292063503,-0.0059025019943862445,0.028566782449816586,-0.03508771929824561
2017-05-01,0.06613539292486958,-0.025345972687859097,0.02545561984810374,-0.023275366083178928,0.08019581818181831
2017-05-02,0.020854248372685236,0.010833186852185372,-4.898310778411741e-05,0.003909369454316858,-0.023747714429555478
2017-05-03,0.034389371467059116,0.041720081379842844,0.32579711826086966,0.09712685177705982,0.14040644897663612
2017-05-04,-0.007255065176127284,0.15617715466200477,0.08516679472241506,0.0031341647752265445,0.2548481739540085
2017-05-05,-0.03771969916956408,-0.07950411411628566,0.05513127773438953,0.04365092220183486,0.1268379518072289
2017-05-06,0.035509794414928075,0.05789752978841656,0.09685715076758572,0.03377389854895929,0.10568490246991402
2017-05-07,0.013730511471489182,-0.018530745548654082,0.0737441270526884,0.1470472826530611,0.401125788109697
2017-05-08,0.05278792346387662,-0.06127976226989729,-0.06853056789833933,-0.10595646492353739,0.3554810225074716
2017-05-09,0.030978706720828475,-0.005733707976883773,0.183559985940839,-0.05000503996681582,-0.18533609035966958
2017-05-10,0.02359154468527569,-0.0003896702102051952,-0.05232364969049308,0.048594401310841695,0.18671249999999984
2017-05-11,0.03339070700055635,0.006089621516529142,-0.03789131543392721,-0.0011388980988507047,-0.016038425482161722
2017-05-12,-0.06687641425313307,-0.022410528760310133,-0.10452192218734768,-0.02376505666666673,0.13941234516834466
2017-05-13,0.04982171429608284,0.03448521471551347,0.05927961626572942,-0.003860010706507322,0.027837751694128388
2017-05-14,0.0020952375061453754,0.002225865758678003,-0.008134802840536026,-0.009122948864826896,0.013249899189176295
2017-05-15,-0.03006663564622125,0.021077494456762658,-0.11541741331479882,-0.016175799562924698,0.2449255751014885
2017-05-16,0.008978426957279906,-0.03910036341549983,-0.07558139803272046,-0.0516552840017519,0.28774655797101434
2017-05-17,0.04812534957383874,0.009588012429378567,0.09180716333368677,0.030730909618492452,0.10292653960596554
2017-05-18,0.03691655056178056,0.10130507998423455,0.11451691656848806,0.1190489184652801,-0.061224464285714375
2017-05-19,0.012797862440942831,0.26598928749999984,-0.05849533654385264,0.024691083788784818,-0.1277174421815912
2017-05-20,0.054705876588079905,-0.011345491926081919,-0.0018334817004930226,0.11049460884041418,0.08566981575295363
2017-05-21,-0.021019147462472354,0.18869762910035726,-0.0595387425522903,-0.026291431355932038,-0.06456241032998555
2017-05-22,0.029049729232048405,0.0587596311475409,-0.057309942300194816,0.044408137394250646,-0.08530030674846623
2017-05-23,0.07411241954332692,0.08385411555859035,0.2717121598608041,0.5454412136111111,0.06305301180011136
2017-05-24,0.06419233239240474,0.09398273809523805,0.08878065040650407,-0.19124228077844707,-0.09777474975000322
2017-05-25,-0.0749267476589629,-0.1034451988719679,-0.1940274838668632,-0.1510347117815295,-0.18729370629370623
2017-05-26,-0.035824460253393586,-0.07082452739156542,-0.10023250264602435,-0.029393636125654488,0.11354018775222219
2017-05-27,-0.07417865125671885,-0.02095104857229224,-0.09282780971382487,-0.13700059700630118,-0.21568506239360552
2017-05-28,0.04274911471043952,0.08072769019959503,0.03412965836604376,0.09373464033734935,0.06533118226600987
2017-05-29,0.07286957366645841,0.16666666673868313,0.09140934169674941,0.14650588827417987,0.038091579838051226
2017-05-30,-0.03035795197553237,0.20105783063492066,-0.051226147004265754,-0.021041685083800665,-0.12877474387527843
2017-05-31,0.02663551386928331,-0.04184961638718787,0.0429991709797406,0.025114899232407062,0.20972404171643277
2017-06-01,0.05352537649415723,-0.027862381837394312,0.07317073170731692,0.04601403753632849,0.3587256515478783
2017-06-02,0.04035467890852984,0.01872871731933401,0.027651514772727426,0.011142174240518887,-0.11047373481238454
2017-06-03,0.019643209451827293,0.0019837048283186665,-0.026589634731511103,-0.03939894112111164,-0.010427940348026965
2017-06-04,0.011505372817701254,0.11779191588247273,0.037539889622113964,0.03572431062916315,0.01876391391921972
2017-06-05,0.061124809587082884,0.0035233160621761517,0.08601831678832128,0.13258755667246946,-0.020117932708983766
2017-06-06,0.07992978463576517,0.08219748042131347,0.0016120962522727655,0.1585747043032817,-0.0039790442477875
2017-06-07,-0.07044824008432882,-0.043893166185608345,-0.056272374564904526,-0.06474640270948673,-0.041008413228822205
2017-06-08,0.05386333744016647,0.02764766913840555,0.06377212904985252,0.08076715083240216,0.05357965178551782
2017-06-09,0.010078815233142135,0.08322396118699094,-0.012656701636478362,-0.014724568526298443,-0.015106917844328827
2017-06-10,-0.0015196609672485373,0.16908819949062992,-0.030556981966485153,-0.0784436737366333,-0.1071428188775646
2017-06-11,0.04455469061927042,0.027607582738671477,0.16289822898389228,0.14249077319356118,0.07453165018733987
2017-06-12,-0.12462969110346933,0.15373155213548673,-0.15929563430641802,-0.15866209233573325,-0.10998778184454017
2017-06-13,0.04112115944811379,-0.010866932262133866,0.07230326038296542,0.04253651763506627,0.08747175239840854
2017-06-14,-0.1083370921500586,-0.1236432100964987,-0.06239901261034786,-0.12000090438875943,-0.026153461538461653
2017-06-15,-0.005157902814240223,0.011846058700172524,0.016886829731819875,0.012317184888888999,-0.05217260972645743
2017-06-16,0.02549203612795381,0.028185840768624626,0.16384123818094398,0.042712275450693005,0.024626068778952126
2017-06-17,0.07069720563009985,0.04603290728866316,0.3619925916588338,0.0911238389665523,0.045071167141114366
2017-06-18,-0.04405108920700518,-0.042786615578716436,-0.048076296750108494,-0.040621467716061344,0.024121790157325407
2017-06-19,0.03641098393451814,0.022922636220392256,0.08877468671614452,0.009592388661917362,0.06733407834406857
2017-06-20,0.03288864067011876,-0.025769022464986024,-0.0537954509200993,0.010036513529822155,0.06580018725325121
2017-06-21,-0.01799100560563982,-0.07274417939009925,-0.02026065191011228,-0.05095932327132824,-0.10049375310781428
2017-06-22,0.02037266025572526,-0.004339999875968892,0.05049724210080475,0.0331650032974522,0.028592499071667277
2017-06-23,-0.0012629609164100941,0.007803323695187103,-0.014064914847161436,0.024863273520141504,0.046931559123690736
2017-06-24,-0.06236627772659176,-0.08534860110488218,-0.07997022107461393,-0.08446419195145849,-0.06901348275862063
2017-06-25,-0.008656040042229973,-0.07005950591413201,-0.0323676729864425,-0.041664875580908034,-0.059210791192983336
2017-06-26,-0.03486278768607054,-0.08628519527702094,-0.056965174129353424,-0.03521953347632889,-0.03543307086614178
2017-06-27,0.0478902896122575,0.11332007952286283,0.042891057768398966,0.0016160335081407684,0.04489844897959183
2017-06-28,0.0011952191314739125,0.11428571428571432,0.04362820897409958,0.08130555555555552,0.024218777709947847
2017-06-29,-0.017717977250157335,-0.08383916669871805,-0.050415402058244685,-0.058065952509397945,-0.04839406448806871
2017-06-30,-0.018154261483418366,-0.03443221707287669,-0.01128407433535561,-0.020325000000000037,-0.022372542795674022
2017-07-01,-0.031819219782333596,-0.0778985507246377,-0.04179767512677479,-0.06740871856854191,-0.05054339582419476
2017-07-02,0.03775805625791495,0.0903137917485266,0.08955766144812416,0.041546978358208975,0.06304818652849731
2017-07-03,0.04160513219898543,-0.008954939667699335,0.12007481961331012,0.03561188622142564,0.025091433065764557
2017-07-04,0.02623433884242088,0.012727273390148675,0.13245033112582782,0.03741005556440302,0.010377783427117926
2017-07-05,-0.0015366477640592624,-0.048078994614003556,0.028006046978557464,0.02237686515210946,-0.023524280480532678
2017-07-06,-0.003483800308126672,-0.0009126777186827528,-0.0383310106366227,0.08719286801478576,-0.0008032530120481995
2017-07-07,-0.0436092958338703,-0.10185434191675768,-0.09889052974745138,-0.12657675339999996,-0.08182874123105865
2017-07-08,0.029177445482438502,0.032409589743124245,0.11597374179431075,0.06024390077185293,0.006824606791250298
2017-07-09,-0.029874324102378114,-0.0443811074511401,-0.06022111941176478,-0.03678200636478923,-0.028256736673327287
2017-07-10,-0.0635290939590375,-0.1416881140118582,-0.07821453717928817,-0.11027466744340098,-0.17728276526048192
2017-07-11,-0.01381885865284982,-0.06478988225456406,-0.01629696762134658,-0.07145409838102479,-0.046723454288466026
2017-07-12,0.040249411901106535,0.18634294105276927,0.07811781155085118,0.0964915153817969,0.11759775471815659
2017-07-13,-0.020479542885747493,-0.08411661790530978,-0.03512111955691177,-0.059424056692048643,-0.036242981112812656
2017-07-14,-0.05214693219710986,-0.04000434240156303,-0.06110233796880571,-0.06269210526315794,-0.03336837923728808
2017-07-15,-0.10354347172811729,-0.13485807987629284,-0.09745817115401756,-0.10157028668330637,-0.05510403969752342
2017-07-16,-0.026093552520859764,-0.079465913593318,0.07544746642231748,-0.08763437500000004,-0.14861592975695936
2017-07-17,0.15447483384754768,0.2115015972118528,0.026684077173633414,0.19244614789164172,0.17683435763341393
2017-07-18,0.034450306292644006,0.19198312236286919,0.0236903075706123,0.04993637671876194,0.025016124760501635
2017-07-19,-0.021739130377882887,-0.14079918141592918,-0.07637967142471147,-0.04113662975202992,-0.0880857192594986
2017-07-20,0.2688888890467951,0.1712360712235237,0.12204124198323818,0.16407703116033567,0.1826612889993009
2017-07-21,-0.06595480573029777,-0.04773857790906122,0.013688862423332449,-0.012244990061250238,-0.038828467944549194
2017-07-22,0.06761204333746673,0.07354241106636139,0.03206915388702325,0.11661684189564792,0.07776103941321977
2017-07-23,-0.03356837567615034,-0.02095580817204301,-0.03928385254738376,-0.05313190888888897,-0.005353402012127528
2017-07-24,0.006517627732257614,-0.0036365272272006477,-0.0003657074529204163,0.07681783369656325,-0.02184989726372466
2017-07-25,-0.07343334555634495,-0.1049382716049383,-0.06604860872072393,-0.1153693608515517,-0.09329846579180934
2017-07-26,-0.015451813233840594,4.142118226591052e-05,-0.0001404331501698719,0.13247496846420703,-0.011172338718918318
2017-07-27,0.05686041700344857,-0.0010266006789565463,-0.007222260685498472,-0.012209177257874404,5.2842001603936595e-05
2017-07-28,0.04493677981643218,-0.05818540401416661,-0.051674640430621865,-0.03156718802079661,-0.05789155331632678
2017-07-29,-0.02544146175231965,0.08586387434554976,0.03430877848059377,0.000801945814656424,0.04915487377024874
2017-07-30,0.012504597267239737,-0.061078013452266156,-0.02414626487215943,-0.09638029987827323,-0.041209144196951986
2017-07-31,0.037050490374137324,0.02956662270054644,0.05485877323656241,0.003280672552133268,-0.003482979612608017
2017-08-01,-0.04151219444133103,0.12773704424160792,0.024964268108714327,0.10789578045335091,0.09565085302755505
2017-08-02,-0.013697395228276621,-0.03801857576293666,-0.03300943484601415,-0.017003794443933296,-0.0455851383411604
2017-08-03,0.03552797330492763,0.0326246872671192,0.017198470879178807,0.0026436866931203173,0.024347315928424873
2017-08-04,0.024373051730557815,-0.016028495102404228,0.012653654488403276,0.03192451722408762,-0.005729324169530425
2017-08-05,0.1374520723490933,0.1497285067873304,0.071415646508729,0.08243347899311759,0.059922986024281366
2017-08-06,-0.008455810245429851,0.04100909126687391,-0.015715998708995427,-0.017111744387223515,-0.020120512643675537
2017-08-07,0.05264787861990894,0.01899971320554994,0.011069835372267134,0.055729552086563494,-0.0072104805295395424
2017-08-08,0.003530450135344365,0.09979282001683476,0.0637076312106506,0.029851811496449,0.09464184357541905
2017-08-09,-0.02247551488419819,-0.008208702928170886,-0.027398522611008724,-0.01813511349611796,-0.06375534989149023
2017-08-10,0.024451667154126167,0.013605442176870763,-0.016042869944538185,-0.03441274439329267,-0.0141838087516718
2017-08-11,0.06600698053890564,0.03530755033557065,0.00333237093342742,0.021489249695740398,-0.018274381808981666
2017-08-12,0.03464878326994025,0.010039327904540762,-0.009469496755835749,-0.02300503083176797,-0.010936864146038894
2017-08-13,0.06834629284687099,-0.06327277928934771,-0.030582871551079305,-0.055213727797662204,-0.05047858769931668
2017-08-14,0.040000000000000036,0.04144541732598306,0.009132390018805392,0.04649232789173463,0.01696976465064881
2017-08-15,-0.008838987099856643,-0.060953181250000044,-0.05885426147814943,0.0013648573910922668,-0.06822841188796547
2017-08-16,0.05591708845263921,0.058250756658839054,0.024897621650895152,-0.0022908983990048704,0.017486617562125772
2017-08-17,-0.027162748228776956,-0.006915247511031897,-0.005255873872417216,-0.028812579546049544,-0.017162950743619065
2017-08-18,-0.040356640075082106,-0.02703290100420097,0.06557602853325761,-0.015677965889830503,-0.006601646823097385
2017-08-19,0.011643188036674745,-0.0023658695879954506,-0.03388966967329643,0.1974194078352518,-0.02839581895438692
2017-08-20,-0.015170919075391254,0.021603082261246298,0.02194568268063013,-0.006057655480763202,0.043236199556472066
2017-08-21,-0.019841012159483085,0.07899058111545343,0.04642657595859956,0.40417914803883437,0.22569424736433308
2017-08-22,0.017655883818094686,-0.03356545174350267,-0.03920900056910748,0.1584891128367305,0.24102558974358979
2017-08-23,0.017586933317744746,0.020225642966991586,0.1722157624393883,0.004702612227447833,0.01652896762516387
2017-08-24,0.044729206963249446,0.0269232227488152,-0.07939928625698078,-0.04838834607681508,-0.11727849593495931
2017-08-25,0.007174265426984627,0.009164940933083843,0.01967971149901282,0.25581227848837207,-0.005753824243381778
2017-08-26,0.000677849055464641,0.013720508989719216,0.01795907039064315,0.27963133639716675,-0.029643578127934722
2017-08-27,-0.007642194201999852,0.0443997334408035,0.16850771462867065,-0.052593060781476075,-0.03751178997613358
2017-08-28,0.013499733016119508,0.0001216569551840685,0.02894748247654433,0.09981056603133198,0.1175692298719786
2017-08-29,0.04794281315749105,0.07285228738128136,0.023736701949751193,-0.07361111118055552,-0.025824225978573923
2017-08-30,-0.0036171114182926845,0.029471024280001368,0.028665347892417925,0.004497750375149767,0.05521534432977204
2017-08-31,0.030996052235397364,0.010692119019972468,0.11261812861561982,0.04877725712959324,0.11720263328296987
2017-09-01,0.03899029534928378,0.004642884908883316,0.19928317260121164,0.017789347071005768,-0.019812674645002915
2017-09-02,-0.07919983678970721,-0.11461141488174842,-0.10915690415897428,-0.1511239736649005,-0.11880646725283195
2017-09-03,0.02066726889824877,0.01687980571262848,0.014203084832904889,0.03765606984022396,0.02891785761609822
2017-09-04,-0.08584063909664974,-0.15444812418349918,-0.15455294265255692,-0.1658372502424753,-0.11969073039897449
2017-09-05,0.04204274980557887,0.0657294625944056,0.10073451962158497,0.12715069925212652,0.06188586880316116
2017-09-06,0.04629564041894718,0.0653485443354429,0.10649598452736586,0.038313915057010206,0.07441860465116279
2017-09-07,0.005374127376689408,-0.004901646587614494,-0.013748236676923153,-0.0008130072372927177,-0.01948038961038967
2017-09-08,-0.06775418167979985,-0.08897014928358216,-0.08485841742213329,-0.05165337059559316,-0.0652397706084189
2017-09-09,0.004647361420161644,-0.007519322924933847,-0.03235923746872993,-0.004734381081802241,0.0033773810921637892
2017-09-10,-0.021074384262472434,-0.015384311134559292,-0.052633158117249,-0.03205258620689666,0.01761287948608503
2017-09-11,-0.007042553189125278,-0.0016326779241837563,0.01152617565481373,0.0010518169001416666,-0.010731661781384405
2017-09-12,-0.013432952664239495,-0.011227751296500443,-0.032118284558823484,-0.010616844572953754,-0.021065045506178603
2017-09-13,-0.06752003852179744,-0.06083466079167221,-0.06245763746715982,-0.01186880184006145,-0.05423811229729414
2017-09-14,-0.1653726707561216,-0.19529795147125373,-0.27278616527270005,-0.22066419173024,-0.13727400376505083
2017-09-15,0.14604651156038795,0.161508697026449,0.1543490382955366,0.1691874194727383,0.07828463374810402
2017-09-16,-0.0026525560633117173,-0.018182975807623847,0.0024324774562587415,-0.03735920238790014,-0.01184789005012099
2017-09-17,-0.0022243531597725408,0.015224549318819447,-0.021858449687048642,-0.024761638291470822,-0.004362397670457763
2017-09-18,0.10875573753310364,0.15262806791659478,0.1073045922425675,0.07978378816230935,0.06596862307963991
2017-09-19,-0.04364884747425213,-0.0468285212529439,-0.06376067273644093,-0.03555768956015348,-0.04431606740095051
2017-09-20,-0.006164713053846138,0.004393780875027398,-0.0190158361873084,-0.026262856347686214,-0.016270894519749945
2017-09-21,-0.07119727463500747,-0.09588488855286603,-0.09995265865182157,-0.10070602507343684,-0.05840267382882869
2017-09-22,-0.0027777777805477744,0.01971432260700401,0.01763821089666462,0.020756926564071465,0.011393687542013753
2017-09-23,0.054317548743732624,0.0918125425090468,0.04381001232277315,0.05142057131428568,0.03672612625729066
2017-09-24,-0.033169089289387554,-0.010338290422393426,-0.03819300279233584,-0.028359998285678256,-0.024627497190602088
2017-09-25,0.07282559920979836,0.04177882703691438,0.10302678362794926,0.052613149987358776,0.05098102585320974
2017-09-26,-0.011520248431235003,-0.02084223576483135,0.00015270089720531566,-0.004179893786273814,0.027747216186980728
2017-09-27,0.08278624969689985,0.07579602805013841,0.0893545544234633,0.09391675549626477,0.11212281630492305
2017-09-28,-0.0028537868134220767,-0.024282298723816487,-0.038579996381783443,-0.042192195028506685,-0.037688594821020494
2017-09-29,-0.005236387729874781,-0.03330264876212263,-0.032414845323145425,-0.03234316615278987,-0.025535809382536967
2017-09-30,0.047247819964264526,0.03376849294433937,0.04598252560801974,0.011043158320439117,0.01032644670050753
2017-10-01,0.010949252297672851,0.0052840590409859445,-0.009341606488708631,-0.027746468212612063,0.04956778557425601
2017-10-02,-0.002672567020529537,-0.024625881977367925,-0.030591701147917205,-0.01732711621916161,-0.026807084729535635
2017-10-03,-0.020931606453078788,-0.016439140727028012,-0.02333581717801736,0.016354754820061324,-0.001612149532710383
2017-10-04,-0.02218199943140675,-0.0007385917976723277,-0.01696176613046496,-0.03545341645680489,0.05846469160193091
2017-10-05,0.02462797192493804,0.009817239619261287,0.011082803961773413,0.01875085685616318,0.10342956417215943
2017-10-06,0.012640708978783,0.0496767799933866,0.007383605962274498,-0.00563145364405826,-0.016737179155660753
2017-10-07,0.015638025924393117,0.006414013659210349,0.008433048980999613,0.00401555858876379,0.031901702311040836
2017-10-08,0.03851351355630617,-0.0032102729052969625,0.01520912566829069,-0.01635957335677196,0.1682632099600221
2017-10-09,0.03831219904635019,-0.04380032203039619,-0.06367040861423212,-0.05370370377777778,-0.10868947006012342
2017-10-10,-0.0036881397250310144,0.002357710811721203,0.011674406357972122,0.019735929629724813,0.031260898772550005
2017-10-11,0.010482180295597443,0.015793001315384192,0.005228651182350275,0.007256617950244015,0.015615139391020438
2017-10-12,0.1289532365142554,0.007575249546409646,0.17256118770696127,-0.0010007294519484011,-0.0642110238982011
2017-10-13,0.03768675655475784,0.1096884352715446,-0.010442876827184921,0.08547073807714045,0.060531308215715285
2017-10-14,0.03295707080466226,0.005561922692307819,0.0847457627118644,0.05130931120371862,-0.01819244081161986
2017-10-15,-0.02018361741696939,-0.008532218631177146,0.02503866109375008,-0.05282715782964009,0.04068485915492959
2017-10-16,0.008748906386701671,-0.006717155024037025,-0.011470212334434904,0.013296175023501666,-0.030878681709577527
2017-10-17,-0.02699271156808336,-0.055350470191750545,-0.08826024672320731,-0.050559750065250264,-0.10870210428947968
2017-10-18,-0.008269534252623112,-0.00852253997760688,0.024702814007223184,-0.02065252097852277,-0.056905939036280495
2017-10-19,0.024025682406343174,-0.02010495967452197,-0.014655138650382815,-0.008407297320067841,-0.011041188455527151
2017-10-20,0.0518453611357268,-0.013646818033098862,0.010067161593996454,0.023461650066376016,-0.0256473600339866
2017-10-21,0.0028936321695594014,-0.01322343234323442,-0.03828959469171789,-0.028603256805446398,0.005220306513409767
2017-10-22,-0.0075972260268419856,-0.01703529811537574,-0.02842253466603617,-0.01529542409119955,-0.04567673543284578
2017-10-23,-0.010678690619613351,-0.03062219900342933,-0.03042513116151957,-0.010360034677359575,-0.04306377775540049
2017-10-24,-0.0663118644051971,0.03738424011934027,0.014303077973971234,0.02631579379501381,0.0602820023736792
2017-10-25,0.036405652090488516,0.004768147922444177,0.011832373759249393,0.0017611047293446536,-0.009013304463834082
2017-10-26,0.029896782623416884,-0.0065998781025053965,-0.011458872379214613,0.010186756465268676,0.00297909632571991
2017-10-27,-0.021001397360508545,0.0006776269906350052,-0.008777817232005658,-0.0304053946946522,-0.012361040215893015
2017-10-28,-0.006516408710796839,-0.007723576997860193,-0.013489811133380769,-0.0003397269452940499,-0.008035866718034357
2017-10-29,0.0762371043888792,0.03782602723001993,0.04648533110263431,0.028223879459432943,0.016672268826034564
2017-10-30,-0.004874086108854536,0.009210526315789558,-0.009078801157501593,0.004404352768361486,0.0039035420199233783
2017-10-31,0.05306475566204094,-0.007496740710560612,-0.00831176156583635,-0.015634926066705024,-0.019727780384960814
2017-11-01,0.04492536417130322,-0.05160930279993581,-0.05028281259254519,-0.017142857142857126,-0.03465994949494955
2017-11-02,0.020061274448689437,-0.009643740380672505,-0.002464990059283134,-0.03705500279069773,0.001374247510938842
